<?xml version="1.0" encoding="utf-8"?>
<edmx:Edmx Version="4.0" xmlns:edmx="http://docs.oasis-open.org/odata/ns/edmx">
  <edmx:Reference Uri="https://sap.github.io/odata-vocabularies/vocabularies/Common.xml">
    <edmx:Include Alias="Common" Namespace="com.sap.vocabularies.Common.v1"/>
  </edmx:Reference>
  <edmx:Reference Uri="https://oasis-tcs.github.io/odata-vocabularies/vocabularies/Org.OData.Core.V1.xml">
    <edmx:Include Alias="Core" Namespace="Org.OData.Core.V1"/>
  </edmx:Reference>
  <edmx:Reference Uri="https://sap.github.io/odata-vocabularies/vocabularies/UI.xml">
    <edmx:Include Alias="UI" Namespace="com.sap.vocabularies.UI.v1"/>
  </edmx:Reference>
  <edmx:DataServices>
    <Schema Namespace="AdminService" xmlns="http://docs.oasis-open.org/odata/ns/edm">
      <Annotation Term="Core.Links">
        <Collection>
          <Record>
            <PropertyValue Property="rel" String="author"/>
            <PropertyValue Property="href" String="https://cap.cloud.sap"/>
          </Record>
        </Collection>
      </Annotation>
      <EntityContainer Name="EntityContainer">
        <EntitySet Name="POinvoiceHeader" EntityType="AdminService.POinvoiceHeader">
          <NavigationPropertyBinding Path="poItems" Target="POInvoiceItems"/>
          <NavigationPropertyBinding Path="shippingAddress" Target="ShippingAddress"/>
          <NavigationPropertyBinding Path="billingAddress" Target="BillingAddress"/>
        </EntitySet>
        <EntitySet Name="POInvoiceItems" EntityType="AdminService.POInvoiceItems">
          <NavigationPropertyBinding Path="header" Target="POinvoiceHeader"/>
        </EntitySet>
        <EntitySet Name="BillingAddress" EntityType="AdminService.BillingAddress">
          <NavigationPropertyBinding Path="header" Target="POinvoiceHeader"/>
        </EntitySet>
        <EntitySet Name="ShippingAddress" EntityType="AdminService.ShippingAddress">
          <NavigationPropertyBinding Path="header" Target="POinvoiceHeader"/>
        </EntitySet>
        <ActionImport Name="createPO" Action="AdminService.createPO"/>
      </EntityContainer>
      <EntityType Name="POinvoiceHeader">
        <Key>
          <PropertyRef Name="ID"/>
        </Key>
        <Property Name="ID" Type="Edm.Guid" Nullable="false"/>
        <Property Name="createdAt" Type="Edm.DateTimeOffset" Precision="7"/>
        <Property Name="createdBy" Type="Edm.String" MaxLength="255"/>
        <Property Name="modifiedAt" Type="Edm.DateTimeOffset" Precision="7"/>
        <Property Name="modifiedBy" Type="Edm.String" MaxLength="255"/>
        <Property Name="poID" Type="Edm.String" MaxLength="100"/>
        <Property Name="caseID" Type="Edm.Int32"/>
        <Property Name="runDate" Type="Edm.Date"/>
        <Property Name="poNumber" Type="Edm.String" MaxLength="100"/>
        <Property Name="email" Type="Edm.String" MaxLength="100"/>
        <Property Name="email_cc" Type="Edm.String" MaxLength="100"/>
        <Property Name="webRefNumber" Type="Edm.String" MaxLength="100"/>
        <Property Name="contractNumber" Type="Edm.String" MaxLength="100"/>
        <Property Name="tpi_provider" Type="Edm.String" MaxLength="100"/>
        <Property Name="tpi_name2" Type="Edm.String" MaxLength="100"/>
        <Property Name="poTotal" Type="Edm.Int32"/>
        <NavigationProperty Name="poItems" Type="Collection(AdminService.POInvoiceItems)" Partner="header"/>
        <NavigationProperty Name="shippingAddress" Type="AdminService.ShippingAddress" Partner="header">
          <ReferentialConstraint Property="ID" ReferencedProperty="header_ID"/>
        </NavigationProperty>
        <NavigationProperty Name="billingAddress" Type="AdminService.BillingAddress" Partner="header">
          <ReferentialConstraint Property="ID" ReferencedProperty="header_ID"/>
        </NavigationProperty>
        <Property Name="overallAccuracy" Type="Edm.Int32"/>
      </EntityType>
      <EntityType Name="POInvoiceItems">
        <Key>
          <PropertyRef Name="ID"/>
        </Key>
        <Property Name="ID" Type="Edm.Guid" Nullable="false"/>
        <Property Name="createdAt" Type="Edm.DateTimeOffset" Precision="7"/>
        <Property Name="createdBy" Type="Edm.String" MaxLength="255"/>
        <Property Name="modifiedAt" Type="Edm.DateTimeOffset" Precision="7"/>
        <Property Name="modifiedBy" Type="Edm.String" MaxLength="255"/>
        <Property Name="partNumber" Type="Edm.String" MaxLength="100"/>
        <Property Name="quantity" Type="Edm.String" MaxLength="100"/>
        <Property Name="unitPrice" Type="Edm.Decimal" Scale="variable"/>
        <Property Name="extPrice" Type="Edm.Decimal" Scale="variable"/>
        <NavigationProperty Name="header" Type="AdminService.POinvoiceHeader" Partner="poItems">
          <ReferentialConstraint Property="header_ID" ReferencedProperty="ID"/>
        </NavigationProperty>
        <Property Name="header_ID" Type="Edm.Guid"/>
      </EntityType>
      <EntityType Name="BillingAddress">
        <Key>
          <PropertyRef Name="ID"/>
        </Key>
        <Property Name="ID" Type="Edm.Guid" Nullable="false"/>
        <Property Name="createdAt" Type="Edm.DateTimeOffset" Precision="7"/>
        <Property Name="createdBy" Type="Edm.String" MaxLength="255"/>
        <Property Name="modifiedAt" Type="Edm.DateTimeOffset" Precision="7"/>
        <Property Name="modifiedBy" Type="Edm.String" MaxLength="255"/>
        <Property Name="custID" Type="Edm.Int32"/>
        <Property Name="name1" Type="Edm.String" MaxLength="100"/>
        <Property Name="name2" Type="Edm.String" MaxLength="100"/>
        <Property Name="street" Type="Edm.String" MaxLength="100"/>
        <Property Name="city" Type="Edm.String" MaxLength="100"/>
        <Property Name="district" Type="Edm.String" MaxLength="100"/>
        <Property Name="state" Type="Edm.String" MaxLength="100"/>
        <Property Name="zipcode" Type="Edm.String" MaxLength="100"/>
        <Property Name="country" Type="Edm.String" MaxLength="100"/>
        <NavigationProperty Name="header" Type="AdminService.POinvoiceHeader" Partner="billingAddress">
          <ReferentialConstraint Property="header_ID" ReferencedProperty="ID"/>
        </NavigationProperty>
        <Property Name="header_ID" Type="Edm.Guid"/>
      </EntityType>
      <EntityType Name="ShippingAddress">
        <Key>
          <PropertyRef Name="ID"/>
        </Key>
        <Property Name="ID" Type="Edm.Guid" Nullable="false"/>
        <Property Name="createdAt" Type="Edm.DateTimeOffset" Precision="7"/>
        <Property Name="createdBy" Type="Edm.String" MaxLength="255"/>
        <Property Name="modifiedAt" Type="Edm.DateTimeOffset" Precision="7"/>
        <Property Name="modifiedBy" Type="Edm.String" MaxLength="255"/>
        <Property Name="name1" Type="Edm.String" MaxLength="100"/>
        <Property Name="name2" Type="Edm.String" MaxLength="100"/>
        <Property Name="street" Type="Edm.String" MaxLength="100"/>
        <Property Name="city" Type="Edm.String" MaxLength="100"/>
        <Property Name="district" Type="Edm.String" MaxLength="100"/>
        <Property Name="state" Type="Edm.String" MaxLength="100"/>
        <Property Name="zipcode" Type="Edm.String" MaxLength="100"/>
        <Property Name="country" Type="Edm.String" MaxLength="100"/>
        <NavigationProperty Name="header" Type="AdminService.POinvoiceHeader" Partner="shippingAddress">
          <ReferentialConstraint Property="header_ID" ReferencedProperty="ID"/>
        </NavigationProperty>
        <Property Name="header_ID" Type="Edm.Guid"/>
      </EntityType>
      <ComplexType Name="return_AdminService_createPO">
        <Property Name="po" Type="Edm.String"/>
      </ComplexType>
      <Action Name="createPO" IsBound="false">
        <Parameter Name="payload" Type="Edm.String"/>
        <ReturnType Type="AdminService.return_AdminService_createPO"/>
      </Action>
      <Annotations Target="AdminService.POinvoiceHeader/ID">
        <Annotation Term="Core.ComputedDefaultValue" Bool="true"/>
      </Annotations>
      <Annotations Target="AdminService.POinvoiceHeader/createdAt">
        <Annotation Term="UI.HiddenFilter" Bool="true"/>
        <Annotation Term="UI.ExcludeFromNavigationContext" Bool="true"/>
        <Annotation Term="Core.Immutable" Bool="true"/>
        <Annotation Term="Core.Computed" Bool="true"/>
        <Annotation Term="Common.Label" String="{i18n>CreatedAt}"/>
      </Annotations>
      <Annotations Target="AdminService.POinvoiceHeader/createdBy">
        <Annotation Term="UI.HiddenFilter" Bool="true"/>
        <Annotation Term="UI.ExcludeFromNavigationContext" Bool="true"/>
        <Annotation Term="Core.Immutable" Bool="true"/>
        <Annotation Term="Core.Computed" Bool="true"/>
        <Annotation Term="Core.Description" String="{i18n>UserID.Description}"/>
        <Annotation Term="Common.Label" String="{i18n>CreatedBy}"/>
      </Annotations>
      <Annotations Target="AdminService.POinvoiceHeader/modifiedAt">
        <Annotation Term="UI.HiddenFilter" Bool="true"/>
        <Annotation Term="UI.ExcludeFromNavigationContext" Bool="true"/>
        <Annotation Term="Core.Computed" Bool="true"/>
        <Annotation Term="Common.Label" String="{i18n>ChangedAt}"/>
      </Annotations>
      <Annotations Target="AdminService.POinvoiceHeader/modifiedBy">
        <Annotation Term="UI.HiddenFilter" Bool="true"/>
        <Annotation Term="UI.ExcludeFromNavigationContext" Bool="true"/>
        <Annotation Term="Core.Computed" Bool="true"/>
        <Annotation Term="Core.Description" String="{i18n>UserID.Description}"/>
        <Annotation Term="Common.Label" String="{i18n>ChangedBy}"/>
      </Annotations>
      <Annotations Target="AdminService.POInvoiceItems/ID">
        <Annotation Term="Core.ComputedDefaultValue" Bool="true"/>
      </Annotations>
      <Annotations Target="AdminService.POInvoiceItems/createdAt">
        <Annotation Term="UI.HiddenFilter" Bool="true"/>
        <Annotation Term="UI.ExcludeFromNavigationContext" Bool="true"/>
        <Annotation Term="Core.Immutable" Bool="true"/>
        <Annotation Term="Core.Computed" Bool="true"/>
        <Annotation Term="Common.Label" String="{i18n>CreatedAt}"/>
      </Annotations>
      <Annotations Target="AdminService.POInvoiceItems/createdBy">
        <Annotation Term="UI.HiddenFilter" Bool="true"/>
        <Annotation Term="UI.ExcludeFromNavigationContext" Bool="true"/>
        <Annotation Term="Core.Immutable" Bool="true"/>
        <Annotation Term="Core.Computed" Bool="true"/>
        <Annotation Term="Core.Description" String="{i18n>UserID.Description}"/>
        <Annotation Term="Common.Label" String="{i18n>CreatedBy}"/>
      </Annotations>
      <Annotations Target="AdminService.POInvoiceItems/modifiedAt">
        <Annotation Term="UI.HiddenFilter" Bool="true"/>
        <Annotation Term="UI.ExcludeFromNavigationContext" Bool="true"/>
        <Annotation Term="Core.Computed" Bool="true"/>
        <Annotation Term="Common.Label" String="{i18n>ChangedAt}"/>
      </Annotations>
      <Annotations Target="AdminService.POInvoiceItems/modifiedBy">
        <Annotation Term="UI.HiddenFilter" Bool="true"/>
        <Annotation Term="UI.ExcludeFromNavigationContext" Bool="true"/>
        <Annotation Term="Core.Computed" Bool="true"/>
        <Annotation Term="Core.Description" String="{i18n>UserID.Description}"/>
        <Annotation Term="Common.Label" String="{i18n>ChangedBy}"/>
      </Annotations>
      <Annotations Target="AdminService.BillingAddress/ID">
        <Annotation Term="Core.ComputedDefaultValue" Bool="true"/>
      </Annotations>
      <Annotations Target="AdminService.BillingAddress/createdAt">
        <Annotation Term="UI.HiddenFilter" Bool="true"/>
        <Annotation Term="UI.ExcludeFromNavigationContext" Bool="true"/>
        <Annotation Term="Core.Immutable" Bool="true"/>
        <Annotation Term="Core.Computed" Bool="true"/>
        <Annotation Term="Common.Label" String="{i18n>CreatedAt}"/>
      </Annotations>
      <Annotations Target="AdminService.BillingAddress/createdBy">
        <Annotation Term="UI.HiddenFilter" Bool="true"/>
        <Annotation Term="UI.ExcludeFromNavigationContext" Bool="true"/>
        <Annotation Term="Core.Immutable" Bool="true"/>
        <Annotation Term="Core.Computed" Bool="true"/>
        <Annotation Term="Core.Description" String="{i18n>UserID.Description}"/>
        <Annotation Term="Common.Label" String="{i18n>CreatedBy}"/>
      </Annotations>
      <Annotations Target="AdminService.BillingAddress/modifiedAt">
        <Annotation Term="UI.HiddenFilter" Bool="true"/>
        <Annotation Term="UI.ExcludeFromNavigationContext" Bool="true"/>
        <Annotation Term="Core.Computed" Bool="true"/>
        <Annotation Term="Common.Label" String="{i18n>ChangedAt}"/>
      </Annotations>
      <Annotations Target="AdminService.BillingAddress/modifiedBy">
        <Annotation Term="UI.HiddenFilter" Bool="true"/>
        <Annotation Term="UI.ExcludeFromNavigationContext" Bool="true"/>
        <Annotation Term="Core.Computed" Bool="true"/>
        <Annotation Term="Core.Description" String="{i18n>UserID.Description}"/>
        <Annotation Term="Common.Label" String="{i18n>ChangedBy}"/>
      </Annotations>
      <Annotations Target="AdminService.ShippingAddress/ID">
        <Annotation Term="Core.ComputedDefaultValue" Bool="true"/>
      </Annotations>
      <Annotations Target="AdminService.ShippingAddress/createdAt">
        <Annotation Term="UI.HiddenFilter" Bool="true"/>
        <Annotation Term="UI.ExcludeFromNavigationContext" Bool="true"/>
        <Annotation Term="Core.Immutable" Bool="true"/>
        <Annotation Term="Core.Computed" Bool="true"/>
        <Annotation Term="Common.Label" String="{i18n>CreatedAt}"/>
      </Annotations>
      <Annotations Target="AdminService.ShippingAddress/createdBy">
        <Annotation Term="UI.HiddenFilter" Bool="true"/>
        <Annotation Term="UI.ExcludeFromNavigationContext" Bool="true"/>
        <Annotation Term="Core.Immutable" Bool="true"/>
        <Annotation Term="Core.Computed" Bool="true"/>
        <Annotation Term="Core.Description" String="{i18n>UserID.Description}"/>
        <Annotation Term="Common.Label" String="{i18n>CreatedBy}"/>
      </Annotations>
      <Annotations Target="AdminService.ShippingAddress/modifiedAt">
        <Annotation Term="UI.HiddenFilter" Bool="true"/>
        <Annotation Term="UI.ExcludeFromNavigationContext" Bool="true"/>
        <Annotation Term="Core.Computed" Bool="true"/>
        <Annotation Term="Common.Label" String="{i18n>ChangedAt}"/>
      </Annotations>
      <Annotations Target="AdminService.ShippingAddress/modifiedBy">
        <Annotation Term="UI.HiddenFilter" Bool="true"/>
        <Annotation Term="UI.ExcludeFromNavigationContext" Bool="true"/>
        <Annotation Term="Core.Computed" Bool="true"/>
        <Annotation Term="Core.Description" String="{i18n>UserID.Description}"/>
        <Annotation Term="Common.Label" String="{i18n>ChangedBy}"/>
      </Annotations>
    </Schema>
  </edmx:DataServices>
</edmx:Edmx>