{
  "namespace": "com.sap.learning",
  "definitions": {
    "com.sap.learning.POinvoiceHeader": {
      "kind": "entity",
      "includes": [
        "cuid",
        "managed"
      ],
      "elements": {
        "ID": {
          "key": true,
          "type": "cds.UUID"
        },
        "createdAt": {
          "@cds.on.insert": {
            "=": "$now"
          },
          "@UI.HiddenFilter": true,
          "@UI.ExcludeFromNavigationContext": true,
          "@Core.Immutable": true,
          "@title": "{i18n>CreatedAt}",
          "@readonly": true,
          "type": "cds.Timestamp"
        },
        "createdBy": {
          "@cds.on.insert": {
            "=": "$user"
          },
          "@UI.HiddenFilter": true,
          "@UI.ExcludeFromNavigationContext": true,
          "@Core.Immutable": true,
          "@title": "{i18n>CreatedBy}",
          "@readonly": true,
          "@description": "{i18n>UserID.Description}",
          "type": "User",
          "length": 255
        },
        "modifiedAt": {
          "@cds.on.insert": {
            "=": "$now"
          },
          "@cds.on.update": {
            "=": "$now"
          },
          "@UI.HiddenFilter": true,
          "@UI.ExcludeFromNavigationContext": true,
          "@title": "{i18n>ChangedAt}",
          "@readonly": true,
          "type": "cds.Timestamp"
        },
        "modifiedBy": {
          "@cds.on.insert": {
            "=": "$user"
          },
          "@cds.on.update": {
            "=": "$user"
          },
          "@UI.HiddenFilter": true,
          "@UI.ExcludeFromNavigationContext": true,
          "@title": "{i18n>ChangedBy}",
          "@readonly": true,
          "@description": "{i18n>UserID.Description}",
          "type": "User",
          "length": 255
        },
        "poID": {
          "type": "cds.String",
          "length": 100
        },
        "caseID": {
          "type": "cds.Integer"
        },
        "runDate": {
          "type": "cds.Date"
        },
        "poNumber": {
          "type": "cds.String",
          "length": 100
        },
        "email": {
          "type": "cds.String",
          "length": 100
        },
        "email_cc": {
          "type": "cds.String",
          "length": 100
        },
        "webRefNumber": {
          "type": "cds.String",
          "length": 100
        },
        "contractNumber": {
          "type": "cds.String",
          "length": 100
        },
        "tpi": {
          "type": "com.sap.learning.Tpi"
        },
        "poTotal": {
          "type": "cds.Integer"
        },
        "poItems": {
          "type": "cds.Association",
          "cardinality": {
            "max": "*"
          },
          "target": "com.sap.learning.POInvoiceItems",
          "on": [
            {
              "ref": [
                "poItems",
                "header"
              ]
            },
            "=",
            {
              "ref": [
                "$self"
              ]
            }
          ]
        },
        "shippingAddress": {
          "type": "cds.Association",
          "target": "com.sap.learning.ShippingAddress",
          "on": [
            {
              "ref": [
                "shippingAddress",
                "header"
              ]
            },
            "=",
            {
              "ref": [
                "$self"
              ]
            }
          ]
        },
        "billingAddress": {
          "type": "cds.Association",
          "target": "com.sap.learning.BillingAddress",
          "on": [
            {
              "ref": [
                "billingAddress",
                "header"
              ]
            },
            "=",
            {
              "ref": [
                "$self"
              ]
            }
          ]
        },
        "overallAccuracy": {
          "type": "cds.Integer"
        }
      }
    },
    "com.sap.learning.Tpi": {
      "kind": "type",
      "elements": {
        "provider": {
          "type": "cds.String",
          "length": 100
        },
        "name2": {
          "type": "cds.String",
          "length": 100
        }
      }
    },
    "com.sap.learning.POInvoiceItems": {
      "kind": "entity",
      "includes": [
        "cuid",
        "managed"
      ],
      "elements": {
        "ID": {
          "key": true,
          "type": "cds.UUID"
        },
        "createdAt": {
          "@cds.on.insert": {
            "=": "$now"
          },
          "@UI.HiddenFilter": true,
          "@UI.ExcludeFromNavigationContext": true,
          "@Core.Immutable": true,
          "@title": "{i18n>CreatedAt}",
          "@readonly": true,
          "type": "cds.Timestamp"
        },
        "createdBy": {
          "@cds.on.insert": {
            "=": "$user"
          },
          "@UI.HiddenFilter": true,
          "@UI.ExcludeFromNavigationContext": true,
          "@Core.Immutable": true,
          "@title": "{i18n>CreatedBy}",
          "@readonly": true,
          "@description": "{i18n>UserID.Description}",
          "type": "User",
          "length": 255
        },
        "modifiedAt": {
          "@cds.on.insert": {
            "=": "$now"
          },
          "@cds.on.update": {
            "=": "$now"
          },
          "@UI.HiddenFilter": true,
          "@UI.ExcludeFromNavigationContext": true,
          "@title": "{i18n>ChangedAt}",
          "@readonly": true,
          "type": "cds.Timestamp"
        },
        "modifiedBy": {
          "@cds.on.insert": {
            "=": "$user"
          },
          "@cds.on.update": {
            "=": "$user"
          },
          "@UI.HiddenFilter": true,
          "@UI.ExcludeFromNavigationContext": true,
          "@title": "{i18n>ChangedBy}",
          "@readonly": true,
          "@description": "{i18n>UserID.Description}",
          "type": "User",
          "length": 255
        },
        "partNumber": {
          "type": "cds.String",
          "length": 100
        },
        "quantity": {
          "type": "cds.String",
          "length": 100
        },
        "unitPrice": {
          "type": "cds.Decimal"
        },
        "extPrice": {
          "type": "cds.Decimal"
        },
        "header": {
          "type": "cds.Association",
          "target": "com.sap.learning.POinvoiceHeader",
          "keys": [
            {
              "ref": [
                "ID"
              ]
            }
          ]
        }
      }
    },
    "com.sap.learning.ShippingAddress": {
      "kind": "entity",
      "includes": [
        "cuid",
        "managed"
      ],
      "elements": {
        "ID": {
          "key": true,
          "type": "cds.UUID"
        },
        "createdAt": {
          "@cds.on.insert": {
            "=": "$now"
          },
          "@UI.HiddenFilter": true,
          "@UI.ExcludeFromNavigationContext": true,
          "@Core.Immutable": true,
          "@title": "{i18n>CreatedAt}",
          "@readonly": true,
          "type": "cds.Timestamp"
        },
        "createdBy": {
          "@cds.on.insert": {
            "=": "$user"
          },
          "@UI.HiddenFilter": true,
          "@UI.ExcludeFromNavigationContext": true,
          "@Core.Immutable": true,
          "@title": "{i18n>CreatedBy}",
          "@readonly": true,
          "@description": "{i18n>UserID.Description}",
          "type": "User",
          "length": 255
        },
        "modifiedAt": {
          "@cds.on.insert": {
            "=": "$now"
          },
          "@cds.on.update": {
            "=": "$now"
          },
          "@UI.HiddenFilter": true,
          "@UI.ExcludeFromNavigationContext": true,
          "@title": "{i18n>ChangedAt}",
          "@readonly": true,
          "type": "cds.Timestamp"
        },
        "modifiedBy": {
          "@cds.on.insert": {
            "=": "$user"
          },
          "@cds.on.update": {
            "=": "$user"
          },
          "@UI.HiddenFilter": true,
          "@UI.ExcludeFromNavigationContext": true,
          "@title": "{i18n>ChangedBy}",
          "@readonly": true,
          "@description": "{i18n>UserID.Description}",
          "type": "User",
          "length": 255
        },
        "name1": {
          "type": "cds.String",
          "length": 100
        },
        "name2": {
          "type": "cds.String",
          "length": 100
        },
        "street": {
          "type": "cds.String",
          "length": 100
        },
        "city": {
          "type": "cds.String",
          "length": 100
        },
        "district": {
          "type": "cds.String",
          "length": 100
        },
        "state": {
          "type": "cds.String",
          "length": 100
        },
        "zipcode": {
          "type": "cds.String",
          "length": 100
        },
        "country": {
          "type": "cds.String",
          "length": 100
        },
        "header": {
          "type": "cds.Association",
          "target": "com.sap.learning.POinvoiceHeader",
          "keys": [
            {
              "ref": [
                "ID"
              ]
            }
          ]
        }
      }
    },
    "com.sap.learning.BillingAddress": {
      "kind": "entity",
      "includes": [
        "cuid",
        "managed"
      ],
      "elements": {
        "ID": {
          "key": true,
          "type": "cds.UUID"
        },
        "createdAt": {
          "@cds.on.insert": {
            "=": "$now"
          },
          "@UI.HiddenFilter": true,
          "@UI.ExcludeFromNavigationContext": true,
          "@Core.Immutable": true,
          "@title": "{i18n>CreatedAt}",
          "@readonly": true,
          "type": "cds.Timestamp"
        },
        "createdBy": {
          "@cds.on.insert": {
            "=": "$user"
          },
          "@UI.HiddenFilter": true,
          "@UI.ExcludeFromNavigationContext": true,
          "@Core.Immutable": true,
          "@title": "{i18n>CreatedBy}",
          "@readonly": true,
          "@description": "{i18n>UserID.Description}",
          "type": "User",
          "length": 255
        },
        "modifiedAt": {
          "@cds.on.insert": {
            "=": "$now"
          },
          "@cds.on.update": {
            "=": "$now"
          },
          "@UI.HiddenFilter": true,
          "@UI.ExcludeFromNavigationContext": true,
          "@title": "{i18n>ChangedAt}",
          "@readonly": true,
          "type": "cds.Timestamp"
        },
        "modifiedBy": {
          "@cds.on.insert": {
            "=": "$user"
          },
          "@cds.on.update": {
            "=": "$user"
          },
          "@UI.HiddenFilter": true,
          "@UI.ExcludeFromNavigationContext": true,
          "@title": "{i18n>ChangedBy}",
          "@readonly": true,
          "@description": "{i18n>UserID.Description}",
          "type": "User",
          "length": 255
        },
        "custID": {
          "type": "cds.Integer"
        },
        "name1": {
          "type": "cds.String",
          "length": 100
        },
        "name2": {
          "type": "cds.String",
          "length": 100
        },
        "street": {
          "type": "cds.String",
          "length": 100
        },
        "city": {
          "type": "cds.String",
          "length": 100
        },
        "district": {
          "type": "cds.String",
          "length": 100
        },
        "state": {
          "type": "cds.String",
          "length": 100
        },
        "zipcode": {
          "type": "cds.String",
          "length": 100
        },
        "country": {
          "type": "cds.String",
          "length": 100
        },
        "header": {
          "type": "cds.Association",
          "target": "com.sap.learning.POinvoiceHeader",
          "keys": [
            {
              "ref": [
                "ID"
              ]
            }
          ]
        }
      }
    },
    "AdminService": {
      "@source": "srv/admin-service.cds",
      "kind": "service",
      "@path": "/admin"
    },
    "AdminService.POinvoiceHeader": {
      "kind": "entity",
      "projection": {
        "from": {
          "ref": [
            "com.sap.learning.POinvoiceHeader"
          ]
        }
      },
      "elements": {
        "ID": {
          "key": true,
          "type": "cds.UUID"
        },
        "createdAt": {
          "@cds.on.insert": {
            "=": "$now"
          },
          "@UI.HiddenFilter": true,
          "@UI.ExcludeFromNavigationContext": true,
          "@Core.Immutable": true,
          "@title": "{i18n>CreatedAt}",
          "@readonly": true,
          "type": "cds.Timestamp"
        },
        "createdBy": {
          "@cds.on.insert": {
            "=": "$user"
          },
          "@UI.HiddenFilter": true,
          "@UI.ExcludeFromNavigationContext": true,
          "@Core.Immutable": true,
          "@title": "{i18n>CreatedBy}",
          "@readonly": true,
          "@description": "{i18n>UserID.Description}",
          "type": "User",
          "length": 255
        },
        "modifiedAt": {
          "@cds.on.insert": {
            "=": "$now"
          },
          "@cds.on.update": {
            "=": "$now"
          },
          "@UI.HiddenFilter": true,
          "@UI.ExcludeFromNavigationContext": true,
          "@title": "{i18n>ChangedAt}",
          "@readonly": true,
          "type": "cds.Timestamp"
        },
        "modifiedBy": {
          "@cds.on.insert": {
            "=": "$user"
          },
          "@cds.on.update": {
            "=": "$user"
          },
          "@UI.HiddenFilter": true,
          "@UI.ExcludeFromNavigationContext": true,
          "@title": "{i18n>ChangedBy}",
          "@readonly": true,
          "@description": "{i18n>UserID.Description}",
          "type": "User",
          "length": 255
        },
        "poID": {
          "type": "cds.String",
          "length": 100
        },
        "caseID": {
          "type": "cds.Integer"
        },
        "runDate": {
          "type": "cds.Date"
        },
        "poNumber": {
          "type": "cds.String",
          "length": 100
        },
        "email": {
          "type": "cds.String",
          "length": 100
        },
        "email_cc": {
          "type": "cds.String",
          "length": 100
        },
        "webRefNumber": {
          "type": "cds.String",
          "length": 100
        },
        "contractNumber": {
          "type": "cds.String",
          "length": 100
        },
        "tpi": {
          "type": "com.sap.learning.Tpi"
        },
        "poTotal": {
          "type": "cds.Integer"
        },
        "poItems": {
          "type": "cds.Association",
          "cardinality": {
            "max": "*"
          },
          "target": "AdminService.POInvoiceItems",
          "on": [
            {
              "ref": [
                "poItems",
                "header"
              ]
            },
            "=",
            {
              "ref": [
                "$self"
              ]
            }
          ]
        },
        "shippingAddress": {
          "type": "cds.Association",
          "target": "AdminService.ShippingAddress",
          "on": [
            {
              "ref": [
                "shippingAddress",
                "header"
              ]
            },
            "=",
            {
              "ref": [
                "$self"
              ]
            }
          ]
        },
        "billingAddress": {
          "type": "cds.Association",
          "target": "AdminService.BillingAddress",
          "on": [
            {
              "ref": [
                "billingAddress",
                "header"
              ]
            },
            "=",
            {
              "ref": [
                "$self"
              ]
            }
          ]
        },
        "overallAccuracy": {
          "type": "cds.Integer"
        }
      }
    },
    "AdminService.POInvoiceItems": {
      "kind": "entity",
      "projection": {
        "from": {
          "ref": [
            "com.sap.learning.POInvoiceItems"
          ]
        }
      },
      "elements": {
        "ID": {
          "key": true,
          "type": "cds.UUID"
        },
        "createdAt": {
          "@cds.on.insert": {
            "=": "$now"
          },
          "@UI.HiddenFilter": true,
          "@UI.ExcludeFromNavigationContext": true,
          "@Core.Immutable": true,
          "@title": "{i18n>CreatedAt}",
          "@readonly": true,
          "type": "cds.Timestamp"
        },
        "createdBy": {
          "@cds.on.insert": {
            "=": "$user"
          },
          "@UI.HiddenFilter": true,
          "@UI.ExcludeFromNavigationContext": true,
          "@Core.Immutable": true,
          "@title": "{i18n>CreatedBy}",
          "@readonly": true,
          "@description": "{i18n>UserID.Description}",
          "type": "User",
          "length": 255
        },
        "modifiedAt": {
          "@cds.on.insert": {
            "=": "$now"
          },
          "@cds.on.update": {
            "=": "$now"
          },
          "@UI.HiddenFilter": true,
          "@UI.ExcludeFromNavigationContext": true,
          "@title": "{i18n>ChangedAt}",
          "@readonly": true,
          "type": "cds.Timestamp"
        },
        "modifiedBy": {
          "@cds.on.insert": {
            "=": "$user"
          },
          "@cds.on.update": {
            "=": "$user"
          },
          "@UI.HiddenFilter": true,
          "@UI.ExcludeFromNavigationContext": true,
          "@title": "{i18n>ChangedBy}",
          "@readonly": true,
          "@description": "{i18n>UserID.Description}",
          "type": "User",
          "length": 255
        },
        "partNumber": {
          "type": "cds.String",
          "length": 100
        },
        "quantity": {
          "type": "cds.String",
          "length": 100
        },
        "unitPrice": {
          "type": "cds.Decimal"
        },
        "extPrice": {
          "type": "cds.Decimal"
        },
        "header": {
          "type": "cds.Association",
          "target": "AdminService.POinvoiceHeader",
          "keys": [
            {
              "ref": [
                "ID"
              ]
            }
          ]
        }
      }
    },
    "AdminService.BillingAddress": {
      "kind": "entity",
      "projection": {
        "from": {
          "ref": [
            "com.sap.learning.BillingAddress"
          ]
        }
      },
      "elements": {
        "ID": {
          "key": true,
          "type": "cds.UUID"
        },
        "createdAt": {
          "@cds.on.insert": {
            "=": "$now"
          },
          "@UI.HiddenFilter": true,
          "@UI.ExcludeFromNavigationContext": true,
          "@Core.Immutable": true,
          "@title": "{i18n>CreatedAt}",
          "@readonly": true,
          "type": "cds.Timestamp"
        },
        "createdBy": {
          "@cds.on.insert": {
            "=": "$user"
          },
          "@UI.HiddenFilter": true,
          "@UI.ExcludeFromNavigationContext": true,
          "@Core.Immutable": true,
          "@title": "{i18n>CreatedBy}",
          "@readonly": true,
          "@description": "{i18n>UserID.Description}",
          "type": "User",
          "length": 255
        },
        "modifiedAt": {
          "@cds.on.insert": {
            "=": "$now"
          },
          "@cds.on.update": {
            "=": "$now"
          },
          "@UI.HiddenFilter": true,
          "@UI.ExcludeFromNavigationContext": true,
          "@title": "{i18n>ChangedAt}",
          "@readonly": true,
          "type": "cds.Timestamp"
        },
        "modifiedBy": {
          "@cds.on.insert": {
            "=": "$user"
          },
          "@cds.on.update": {
            "=": "$user"
          },
          "@UI.HiddenFilter": true,
          "@UI.ExcludeFromNavigationContext": true,
          "@title": "{i18n>ChangedBy}",
          "@readonly": true,
          "@description": "{i18n>UserID.Description}",
          "type": "User",
          "length": 255
        },
        "custID": {
          "type": "cds.Integer"
        },
        "name1": {
          "type": "cds.String",
          "length": 100
        },
        "name2": {
          "type": "cds.String",
          "length": 100
        },
        "street": {
          "type": "cds.String",
          "length": 100
        },
        "city": {
          "type": "cds.String",
          "length": 100
        },
        "district": {
          "type": "cds.String",
          "length": 100
        },
        "state": {
          "type": "cds.String",
          "length": 100
        },
        "zipcode": {
          "type": "cds.String",
          "length": 100
        },
        "country": {
          "type": "cds.String",
          "length": 100
        },
        "header": {
          "type": "cds.Association",
          "target": "AdminService.POinvoiceHeader",
          "keys": [
            {
              "ref": [
                "ID"
              ]
            }
          ]
        }
      }
    },
    "AdminService.ShippingAddress": {
      "kind": "entity",
      "projection": {
        "from": {
          "ref": [
            "com.sap.learning.ShippingAddress"
          ]
        }
      },
      "elements": {
        "ID": {
          "key": true,
          "type": "cds.UUID"
        },
        "createdAt": {
          "@cds.on.insert": {
            "=": "$now"
          },
          "@UI.HiddenFilter": true,
          "@UI.ExcludeFromNavigationContext": true,
          "@Core.Immutable": true,
          "@title": "{i18n>CreatedAt}",
          "@readonly": true,
          "type": "cds.Timestamp"
        },
        "createdBy": {
          "@cds.on.insert": {
            "=": "$user"
          },
          "@UI.HiddenFilter": true,
          "@UI.ExcludeFromNavigationContext": true,
          "@Core.Immutable": true,
          "@title": "{i18n>CreatedBy}",
          "@readonly": true,
          "@description": "{i18n>UserID.Description}",
          "type": "User",
          "length": 255
        },
        "modifiedAt": {
          "@cds.on.insert": {
            "=": "$now"
          },
          "@cds.on.update": {
            "=": "$now"
          },
          "@UI.HiddenFilter": true,
          "@UI.ExcludeFromNavigationContext": true,
          "@title": "{i18n>ChangedAt}",
          "@readonly": true,
          "type": "cds.Timestamp"
        },
        "modifiedBy": {
          "@cds.on.insert": {
            "=": "$user"
          },
          "@cds.on.update": {
            "=": "$user"
          },
          "@UI.HiddenFilter": true,
          "@UI.ExcludeFromNavigationContext": true,
          "@title": "{i18n>ChangedBy}",
          "@readonly": true,
          "@description": "{i18n>UserID.Description}",
          "type": "User",
          "length": 255
        },
        "name1": {
          "type": "cds.String",
          "length": 100
        },
        "name2": {
          "type": "cds.String",
          "length": 100
        },
        "street": {
          "type": "cds.String",
          "length": 100
        },
        "city": {
          "type": "cds.String",
          "length": 100
        },
        "district": {
          "type": "cds.String",
          "length": 100
        },
        "state": {
          "type": "cds.String",
          "length": 100
        },
        "zipcode": {
          "type": "cds.String",
          "length": 100
        },
        "country": {
          "type": "cds.String",
          "length": 100
        },
        "header": {
          "type": "cds.Association",
          "target": "AdminService.POinvoiceHeader",
          "keys": [
            {
              "ref": [
                "ID"
              ]
            }
          ]
        }
      }
    },
    "AdminService.createPO": {
      "kind": "action",
      "params": {
        "payload": {
          "type": "cds.LargeString"
        }
      },
      "returns": {
        "elements": {
          "po": {
            "type": "cds.String"
          }
        }
      }
    },
    "Language": {
      "kind": "type",
      "@title": "{i18n>Language}",
      "@description": "{i18n>LanguageCode.Description}",
      "type": "cds.Association",
      "target": "sap.common.Languages",
      "keys": [
        {
          "ref": [
            "code"
          ]
        }
      ]
    },
    "Currency": {
      "kind": "type",
      "@title": "{i18n>Currency}",
      "@description": "{i18n>CurrencyCode.Description}",
      "type": "cds.Association",
      "target": "sap.common.Currencies",
      "keys": [
        {
          "ref": [
            "code"
          ]
        }
      ]
    },
    "Country": {
      "kind": "type",
      "@title": "{i18n>Country}",
      "@description": "{i18n>CountryCode.Description}",
      "type": "cds.Association",
      "target": "sap.common.Countries",
      "keys": [
        {
          "ref": [
            "code"
          ]
        }
      ]
    },
    "Timezone": {
      "kind": "type",
      "type": "cds.Association",
      "target": "sap.common.Timezones",
      "keys": [
        {
          "ref": [
            "code"
          ]
        }
      ]
    },
    "sap.common": {
      "kind": "context"
    },
    "sap.common.Locale": {
      "kind": "type",
      "@title": "{i18n>LanguageCode}",
      "type": "cds.String",
      "length": 14
    },
    "sap.common.Languages": {
      "kind": "entity",
      "@cds.autoexpose": true,
      "@cds.persistence.skip": "if-unused",
      "@UI.Identification": [
        {
          "Value": {
            "=": "name"
          }
        }
      ],
      "@cds.odata.valuelist": true,
      "includes": [
        "sap.common.CodeList"
      ],
      "elements": {
        "name": {
          "@title": "{i18n>Name}",
          "localized": true,
          "type": "cds.String",
          "length": 255
        },
        "descr": {
          "@title": "{i18n>Description}",
          "localized": true,
          "type": "cds.String",
          "length": 1000
        },
        "code": {
          "@Common.Text": {
            "=": "name"
          },
          "@title": "{i18n>LanguageCode}",
          "key": true,
          "type": "sap.common.Locale",
          "length": 14
        },
        "texts": {
          "type": "cds.Composition",
          "cardinality": {
            "max": "*"
          },
          "target": "sap.common.Languages.texts",
          "on": [
            {
              "ref": [
                "texts",
                "code"
              ]
            },
            "=",
            {
              "ref": [
                "code"
              ]
            }
          ]
        },
        "localized": {
          "type": "cds.Association",
          "target": "sap.common.Languages.texts",
          "on": [
            {
              "ref": [
                "localized",
                "code"
              ]
            },
            "=",
            {
              "ref": [
                "code"
              ]
            },
            "and",
            {
              "ref": [
                "localized",
                "locale"
              ]
            },
            "=",
            {
              "ref": [
                "$user",
                "locale"
              ]
            }
          ]
        }
      }
    },
    "sap.common.Countries": {
      "kind": "entity",
      "@cds.autoexpose": true,
      "@cds.persistence.skip": "if-unused",
      "@UI.Identification": [
        {
          "Value": {
            "=": "name"
          }
        }
      ],
      "@cds.odata.valuelist": true,
      "includes": [
        "sap.common.CodeList"
      ],
      "elements": {
        "name": {
          "@title": "{i18n>Name}",
          "localized": true,
          "type": "cds.String",
          "length": 255
        },
        "descr": {
          "@title": "{i18n>Description}",
          "localized": true,
          "type": "cds.String",
          "length": 1000
        },
        "code": {
          "@title": "{i18n>CountryCode}",
          "@Common.Text": {
            "=": "name"
          },
          "key": true,
          "type": "cds.String",
          "length": 3
        },
        "texts": {
          "type": "cds.Composition",
          "cardinality": {
            "max": "*"
          },
          "target": "sap.common.Countries.texts",
          "on": [
            {
              "ref": [
                "texts",
                "code"
              ]
            },
            "=",
            {
              "ref": [
                "code"
              ]
            }
          ]
        },
        "localized": {
          "type": "cds.Association",
          "target": "sap.common.Countries.texts",
          "on": [
            {
              "ref": [
                "localized",
                "code"
              ]
            },
            "=",
            {
              "ref": [
                "code"
              ]
            },
            "and",
            {
              "ref": [
                "localized",
                "locale"
              ]
            },
            "=",
            {
              "ref": [
                "$user",
                "locale"
              ]
            }
          ]
        }
      }
    },
    "sap.common.Currencies": {
      "kind": "entity",
      "@cds.autoexpose": true,
      "@cds.persistence.skip": "if-unused",
      "@UI.Identification": [
        {
          "Value": {
            "=": "name"
          }
        }
      ],
      "@cds.odata.valuelist": true,
      "includes": [
        "sap.common.CodeList"
      ],
      "elements": {
        "name": {
          "@title": "{i18n>Name}",
          "localized": true,
          "type": "cds.String",
          "length": 255
        },
        "descr": {
          "@title": "{i18n>Description}",
          "localized": true,
          "type": "cds.String",
          "length": 1000
        },
        "code": {
          "@title": "{i18n>CurrencyCode}",
          "@Common.Text": {
            "=": "name"
          },
          "key": true,
          "type": "cds.String",
          "length": 3
        },
        "symbol": {
          "@title": "{i18n>CurrencySymbol}",
          "type": "cds.String",
          "length": 5
        },
        "minorUnit": {
          "@title": "{i18n>CurrencyMinorUnit}",
          "type": "cds.Int16"
        },
        "texts": {
          "type": "cds.Composition",
          "cardinality": {
            "max": "*"
          },
          "target": "sap.common.Currencies.texts",
          "on": [
            {
              "ref": [
                "texts",
                "code"
              ]
            },
            "=",
            {
              "ref": [
                "code"
              ]
            }
          ]
        },
        "localized": {
          "type": "cds.Association",
          "target": "sap.common.Currencies.texts",
          "on": [
            {
              "ref": [
                "localized",
                "code"
              ]
            },
            "=",
            {
              "ref": [
                "code"
              ]
            },
            "and",
            {
              "ref": [
                "localized",
                "locale"
              ]
            },
            "=",
            {
              "ref": [
                "$user",
                "locale"
              ]
            }
          ]
        }
      }
    },
    "sap.common.Timezones": {
      "kind": "entity",
      "@cds.autoexpose": true,
      "@cds.persistence.skip": "if-unused",
      "@UI.Identification": [
        {
          "Value": {
            "=": "name"
          }
        }
      ],
      "@cds.odata.valuelist": true,
      "includes": [
        "sap.common.CodeList"
      ],
      "elements": {
        "name": {
          "@title": "{i18n>Name}",
          "localized": true,
          "type": "cds.String",
          "length": 255
        },
        "descr": {
          "@title": "{i18n>Description}",
          "localized": true,
          "type": "cds.String",
          "length": 1000
        },
        "code": {
          "@title": "{i18n>TimeZoneCode}",
          "key": true,
          "type": "cds.String",
          "length": 100
        },
        "texts": {
          "type": "cds.Composition",
          "cardinality": {
            "max": "*"
          },
          "target": "sap.common.Timezones.texts",
          "on": [
            {
              "ref": [
                "texts",
                "code"
              ]
            },
            "=",
            {
              "ref": [
                "code"
              ]
            }
          ]
        },
        "localized": {
          "type": "cds.Association",
          "target": "sap.common.Timezones.texts",
          "on": [
            {
              "ref": [
                "localized",
                "code"
              ]
            },
            "=",
            {
              "ref": [
                "code"
              ]
            },
            "and",
            {
              "ref": [
                "localized",
                "locale"
              ]
            },
            "=",
            {
              "ref": [
                "$user",
                "locale"
              ]
            }
          ]
        }
      }
    },
    "sap.common.CodeList": {
      "kind": "aspect",
      "@cds.autoexpose": true,
      "@cds.persistence.skip": "if-unused",
      "@UI.Identification": [
        {
          "Value": {
            "=": "name"
          }
        }
      ],
      "@cds.odata.valuelist": true,
      "elements": {
        "name": {
          "@title": "{i18n>Name}",
          "localized": true,
          "type": "cds.String",
          "length": 255
        },
        "descr": {
          "@title": "{i18n>Description}",
          "localized": true,
          "type": "cds.String",
          "length": 1000
        }
      }
    },
    "sap.common.TextsAspect": {
      "kind": "aspect",
      "elements": {
        "locale": {
          "@title": "{i18n>LanguageCode}",
          "key": true,
          "type": "sap.common.Locale",
          "length": 14
        }
      }
    },
    "cuid": {
      "kind": "aspect",
      "elements": {
        "ID": {
          "key": true,
          "type": "cds.UUID"
        }
      }
    },
    "managed": {
      "kind": "aspect",
      "elements": {
        "createdAt": {
          "@cds.on.insert": {
            "=": "$now"
          },
          "@UI.HiddenFilter": true,
          "@UI.ExcludeFromNavigationContext": true,
          "@Core.Immutable": true,
          "@title": "{i18n>CreatedAt}",
          "@readonly": true,
          "type": "cds.Timestamp"
        },
        "createdBy": {
          "@cds.on.insert": {
            "=": "$user"
          },
          "@UI.HiddenFilter": true,
          "@UI.ExcludeFromNavigationContext": true,
          "@Core.Immutable": true,
          "@title": "{i18n>CreatedBy}",
          "@readonly": true,
          "@description": "{i18n>UserID.Description}",
          "type": "User",
          "length": 255
        },
        "modifiedAt": {
          "@cds.on.insert": {
            "=": "$now"
          },
          "@cds.on.update": {
            "=": "$now"
          },
          "@UI.HiddenFilter": true,
          "@UI.ExcludeFromNavigationContext": true,
          "@title": "{i18n>ChangedAt}",
          "@readonly": true,
          "type": "cds.Timestamp"
        },
        "modifiedBy": {
          "@cds.on.insert": {
            "=": "$user"
          },
          "@cds.on.update": {
            "=": "$user"
          },
          "@UI.HiddenFilter": true,
          "@UI.ExcludeFromNavigationContext": true,
          "@title": "{i18n>ChangedBy}",
          "@readonly": true,
          "@description": "{i18n>UserID.Description}",
          "type": "User",
          "length": 255
        }
      }
    },
    "temporal": {
      "kind": "aspect",
      "elements": {
        "validFrom": {
          "@cds.valid.from": true,
          "type": "cds.Timestamp"
        },
        "validTo": {
          "@cds.valid.to": true,
          "type": "cds.Timestamp"
        }
      }
    },
    "User": {
      "kind": "type",
      "@title": "{i18n>UserID}",
      "@description": "{i18n>UserID.Description}",
      "type": "cds.String",
      "length": 255
    },
    "sap.common.Languages.texts": {
      "kind": "entity",
      "@odata.draft.enabled": false,
      "includes": [
        "sap.common.TextsAspect"
      ],
      "elements": {
        "locale": {
          "@title": "{i18n>LanguageCode}",
          "key": true,
          "type": "sap.common.Locale",
          "length": 14
        },
        "name": {
          "@title": "{i18n>Name}",
          "localized": null,
          "type": "cds.String",
          "length": 255
        },
        "descr": {
          "@title": "{i18n>Description}",
          "localized": null,
          "type": "cds.String",
          "length": 1000
        },
        "code": {
          "@odata.containment.ignore": true,
          "@Common.Text": {
            "=": "name"
          },
          "@title": "{i18n>LanguageCode}",
          "key": true,
          "type": "sap.common.Locale",
          "length": 14
        }
      }
    },
    "sap.common.Countries.texts": {
      "kind": "entity",
      "@odata.draft.enabled": false,
      "includes": [
        "sap.common.TextsAspect"
      ],
      "elements": {
        "locale": {
          "@title": "{i18n>LanguageCode}",
          "key": true,
          "type": "sap.common.Locale",
          "length": 14
        },
        "name": {
          "@title": "{i18n>Name}",
          "localized": null,
          "type": "cds.String",
          "length": 255
        },
        "descr": {
          "@title": "{i18n>Description}",
          "localized": null,
          "type": "cds.String",
          "length": 1000
        },
        "code": {
          "@odata.containment.ignore": true,
          "@title": "{i18n>CountryCode}",
          "@Common.Text": {
            "=": "name"
          },
          "key": true,
          "type": "cds.String",
          "length": 3
        }
      }
    },
    "sap.common.Currencies.texts": {
      "kind": "entity",
      "@odata.draft.enabled": false,
      "includes": [
        "sap.common.TextsAspect"
      ],
      "elements": {
        "locale": {
          "@title": "{i18n>LanguageCode}",
          "key": true,
          "type": "sap.common.Locale",
          "length": 14
        },
        "name": {
          "@title": "{i18n>Name}",
          "localized": null,
          "type": "cds.String",
          "length": 255
        },
        "descr": {
          "@title": "{i18n>Description}",
          "localized": null,
          "type": "cds.String",
          "length": 1000
        },
        "code": {
          "@odata.containment.ignore": true,
          "@title": "{i18n>CurrencyCode}",
          "@Common.Text": {
            "=": "name"
          },
          "key": true,
          "type": "cds.String",
          "length": 3
        }
      }
    },
    "sap.common.Timezones.texts": {
      "kind": "entity",
      "@odata.draft.enabled": false,
      "includes": [
        "sap.common.TextsAspect"
      ],
      "elements": {
        "locale": {
          "@title": "{i18n>LanguageCode}",
          "key": true,
          "type": "sap.common.Locale",
          "length": 14
        },
        "name": {
          "@title": "{i18n>Name}",
          "localized": null,
          "type": "cds.String",
          "length": 255
        },
        "descr": {
          "@title": "{i18n>Description}",
          "localized": null,
          "type": "cds.String",
          "length": 1000
        },
        "code": {
          "@odata.containment.ignore": true,
          "@title": "{i18n>TimeZoneCode}",
          "key": true,
          "type": "cds.String",
          "length": 100
        }
      }
    }
  },
  "meta": {
    "creator": "CDS Compiler v5.9.2",
    "flavor": "inferred"
  },
  "$version": "2.0"
}