{
  "model/models.js": 1741728926369,
  "manifest.json": 1746168012451,
  "controller/SalesOrderList.controller.js": 1742812704759,
  "controller/EditSalesOrder.controller.js": 1741786933446,
  "controller/App.controller.js": 1741728926369,
  "i18n/i18n.properties": 1741774227088,
  "Component.js": 1741728926365,
  "controller/EditSalesOrder-dbg.controller.js": 1741786933446,
  "controller/EditSalesOrder.controller.js.map": 1746168012571,
  "controller/SalesOrderList-dbg.controller.js": 1742812704759,
  "controller/SalesOrderList.controller.js.map": 1746168012625,
  "controller/App-dbg.controller.js": 1741728926369,
  "controller/App.controller.js.map": 1746168012610,
  "model/models-dbg.js": 1741728926369,
  "model/models.js.map": 1746168012610,
  "Component-dbg.js": 1741728926365,
  "Component.js.map": 1746168012610,
  "Component-preload.js": 1746168012703,
  "Component-preload.js.map": 1746168012703,
  "view/SalesOrderList.view.xml": 1742580275143,
  "view/EditSalesOrder.view.xml": 1741786778857,
  "view/App.view.xml": 1741728926373,
  "css/style.css": 1741728926369,
  "index.html": 1741728926365
}