ID,name,dateOfBirth,dateOfDeath
ffdd2d3e-6604-427d-aca8-c08edafb0c71, William Shakespeare, 1564-04-26, 1616-04-23
a487f517-61de-429c-bb6a-735a8d4bd3aa, Johann Wolfgang von Goethe, 1749-08-28, 1832-03-22
8238aaf9-f368-414b-a247-ab17ebf0fdec, Joanne K. Rowling, 1965-07-31,
ce160dae-ff19-4c84-84c5-bb193277cbe0, Mark Twain, 1835-11-30, 1910-04-21
70c7bb00-0dc5-4305-9960-2503d3856559, Immanuel Kant, 1724-04-22, 1804-02-12
c3eaf4a2-5aa4-48e9-a77c-b79351ed88a3, Stephen Hawking, 1942-01-08, 2018-03-14